Values,Var2,Var3
0,Diphosphate + H2O <=> 2 Orthophosphate,MCON_1906
0,2-Acetolactate + CO2 <=> 2 Pyruvate,MCON_0410 | MCON_0411
0,Carbonic acid <=> CO2 + H2O,MCON_1210
0,2 Superoxide + 2 H+ <=> Hydrogen peroxide + Oxygen,MCON_2612
0,Glycine + H2O + NAD+ <=> Glyoxylate + Ammonia + NADH + H+,MCON_0907
0,Methanol + Hydrogen peroxide <=> Formaldehyde + 2 H2O,MCON_0161
0,Glycerone phosphate + H2O <=> Glycerone + Orthophosphate,MCON_2339
0,"beta-D-Fructose 1,6-bisphosphate <=> Glycerone phosphate + D-Glyceraldehyde 3-phosphate",MCON_2528 | MCON_1478 | MCON_3321 | MCON_3232 | MCON_2526
0,"2,3-Dihydroxy-3-methylbutanoate <=> 3-Methyl-2-oxobutanoic acid + H2O",MCON_1149
0,Phenol + Acetate <=> Phenyl acetate + H2O,MCON_1799
0,3-Phospho-D-glyceroyl phosphate + H2O <=> 3-Phospho-D-glycerate + Orthophosphate,MCON_0840 | MCON_3294
0,"(R,R)-Tartaric acid <=> D-Glycerate + CO2",MCON_1272
0,alpha-D-Glucose 6-phosphate <=> beta-D-Fructose 6-phosphate,MCON_2977
0,O-Phospho-D-serine + H2O <=> D-Serine + Orthophosphate,MCON_0015 | MCON_0973
0,dTDP-glucose <=> dTDP-galactose,MCON_1457 | MCON_1862 | MCON_3230 | MCON_1223
0,2-Acetolactate + Thiamin diphosphate <=> 2-(alpha-Hydroxyethyl)thiamine diphosphate + Pyruvate,MCON_0410 | MCON_0411
0,"2-Acetolactate + NADPH + H+ <=> 2,3-Dihydroxy-3-methylbutanoate + NADP+",MCON_0412
0,alpha-D-Hexose 1-phosphate <=> alpha-D-Hexose 6-phosphate,MCON_0725
0,beta-D-Glucose 6-phosphate <=> beta-D-Fructose 6-phosphate,MCON_2977
0,2 S-Adenosyl-L-methionine + Uroporphyrin III <=> 2 S-Adenosyl-L-homocysteine + Sirohydrochlorin,MCON_0901
0,3-Phospho-D-erythronate <=> Phosphoenol-4-deoxy-3-tetrulosonate + H2O,MCON_0157
0,(S)-2-Acetolactate + Thiamin diphosphate <=> 2-(alpha-Hydroxyethyl)thiamine diphosphate + Pyruvate,MCON_0410 | MCON_0411
0,2-Oxobutanoate + 2-(alpha-Hydroxyethyl)thiamine diphosphate <=> (S)-2-Aceto-2-hydroxybutanoate + Thiamin diphosphate,MCON_0410 | MCON_0411
0,ATP + L-Selenomethionine + H2O <=> Orthophosphate + Diphosphate + Se-Adenosylselenomethionine,MCON_2824
0,"beta-D-Fructose 1,6-bisphosphate + H2O <=> beta-D-Fructose 6-phosphate + Orthophosphate",MCON_2525 | MCON_2528
0,ATP + Adenylylselenate <=> ADP + 3'-Phosphoadenylylselenate,MCON_2909
0,2 Mycothiol + NAD+ <=> Mycothione + NADH + H+,MCON_0536
0,2 Mycothiol + NADP+ <=> Mycothione + NADPH + H+,MCON_0536
0,ADP + D-Glucose <=> AMP + D-Glucose 6-phosphate,MCON_0234
0,Cobalt-precorrin 3 + S-Adenosyl-L-methionine <=> Cobalt-precorrin 4 + S-Adenosyl-L-homocysteine,MCON_1681
0,L-Iditol + NAD+ <=> L-Sorbose + NADH + H+,MCON_0566
0,L-Aspartate + H2O + NAD+ <=> Oxaloacetate + Ammonia + NADH + H+,MCON_1163
0,L-Aspartate + H2O + NADP+ <=> Oxaloacetate + Ammonia + NADPH + H+,MCON_1163
0,NADH + H+ + Oxygen <=> NAD+ + Hydrogen peroxide,MCON_0597
0,Hydrogen + NADP+ <=> NADPH + H+,MCON_3103
0,S-Adenosyl-L-methionine + Uroporphyrinogen III <=> S-Adenosyl-L-homocysteine + Precorrin 1,MCON_0901
0,S-Adenosyl-L-methionine + Precorrin 1 <=> S-Adenosyl-L-homocysteine + Precorrin 2,MCON_0901
0,D-Glyceraldehyde 3-phosphate + D-Ribulose 5-phosphate + L-Glutamine <=> Pyridoxal phosphate + L-Glutamate + Orthophosphate + 3 H2O,MCON_2350 | MCON_2351
0,Spermidine + NAD+ <=> Dehydrospermidine + NADH + H+,MCON_3163 | MCON_3059
0,2 ATP + HCO3- + Ammonia <=> 2 ADP + Orthophosphate + Carbamoyl phosphate,MCON_0086 | MCON_1025 | MCON_1026
0,2-Hydroxyglutarate + NAD+ <=> 2-Oxoglutarate + NADH + H+,MCON_3371
0,"beta-D-Fructose 6-phosphate + ADP <=> beta-D-Fructose 1,6-bisphosphate + AMP",MCON_0234
0,O-Phospho-L-serine + Sulfite <=> L-Cysteate + Orthophosphate,MCON_0195
0,Cobyrinate + L-Glutamine + ATP + H2O <=> Cobyrinate c-monamide + L-Glutamate + ADP + Orthophosphate,MCON_2971
0,"Cobyrinate c-monamide + L-Glutamine + ATP + H2O <=> Cob(II)yrinate a,c diamide + L-Glutamate + ADP + Orthophosphate",MCON_2971
0,ATP + Dephospho-CoA <=> 2'-(5-Triphosphoribosyl)-3'-dephospho-CoA + Adenine,MCON_0073
0,Reduced coenzyme F420 + NADP+ <=> Coenzyme F420 + NADPH + H+,MCON_1371
0,D-arabino-Hex-3-ulose 6-phosphate <=> beta-D-Fructose 6-phosphate,MCON_0429
0,8-Oxo-dGTP + H2O <=> 8-Oxo-dGMP + Diphosphate,MCON_0143
0,D-Ribose 5-phosphate + D-Glyceraldehyde 3-phosphate + Ammonia <=> Pyridoxal phosphate + 4 H2O + Orthophosphate,MCON_2350 | MCON_2351
0,"ADP + (6S)-6beta-Hydroxy-1,4,5,6-tetrahydronicotinamide-adenine dinucleotide <=> AMP + Orthophosphate + NADH",MCON_1530
0,"ADP + (6S)-6beta-Hydroxy-1,4,5,6-tetrahydronicotinamide-adenine dinucleotide phosphate <=> AMP + Orthophosphate + NADPH",MCON_1530
0,"(6R)-6beta-Hydroxy-1,4,5,6-tetrahydronicotinamide-adenine dinucleotide <=> (6S)-6beta-Hydroxy-1,4,5,6-tetrahydronicotinamide-adenine dinucleotide",MCON_1530
0,"(6R)-6beta-Hydroxy-1,4,5,6-tetrahydronicotinamide-adenine dinucleotide phosphate <=> (6S)-6beta-Hydroxy-1,4,5,6-tetrahydronicotinamide-adenine dinucleotide phosphate",MCON_1530
0,5-Phospho-alpha-D-ribose 1-diphosphate + 4-Aminobenzoate <=> 4-(beta-D-Ribofuranosyl)aniline 5'-phosphate + CO2 + Diphosphate,MCON_2372 | MCON_0135
0,"CDP-2,3-bis-(O-phytanyl)-sn-glycerol + L-Serine <=> CMP + 2,3-Bis-(O-phytanyl)-sn-glycero-1-phospho-L-serine",MCON_0461
0,L-Threonine + ATP + HCO3- + H+ <=> L-Threonylcarbamoyladenylate + Diphosphate + H2O,MCON_0585
0,"CDP-2,3-bis-(O-phytanyl)-sn-glycerol + 1D-myo-Inositol 3-phosphate <=> CMP + 1-Archaetidyl-1D-myo-inositol 3-phosphate",MCON_0773
0,CTP + Phytol <=> CDP + Phytyl phosphate,MCON_2378
0,ATP + HCO3- <=> ADP + Carboxyphosphate,MCON_0086 | MCON_1025 | MCON_1026
0,Ammonia + Carboxyphosphate <=> Carbamate + Orthophosphate,MCON_0086 | MCON_1025 | MCON_1026
0,2-Iminobutanoate + H2O <=> 2-Oxobutanoate + Ammonia,MCON_0330
0,2-Aminobut-2-enoate <=> 2-Iminobutanoate,MCON_0330
0,"Adenosine-GDP-cobinamide + N1-(5-Phospho-alpha-D-ribosyl)-5,6-dimethylbenzimidazole <=> GMP + Adenosylcobalamin 5'-phosphate",MCON_1723
0,"4-Amino-5-hydroxymethyl-2-methylpyrimidine diphosphate + 2-[(2R,5Z)-2-Carboxy-4-methylthiazol-5(2H)-ylidene]ethyl phosphate <=> Diphosphate + Thiamin monophosphate + CO2",MCON_3369 | MCON_0806
0,(R)-2-Hydroxyglutarate + NAD+ <=> 2-Oxoglutarate + NADH + H+,MCON_3371
0,Reduced coenzyme F420 + Methanophenazine <=> Coenzyme F420 + Dihydromethanophenazine,MCON_3064 | MCON_3068 | MCON_3061 | MCON_3063 | MCON_3067 | MCON_3069 | MCON_3070 | MCON_2389 | MCON_3060 | MCON_3062
0,"Ni(II)-pyridinium-3,5-bisthiocarboxylate mononucleotide <=> Pyridinium-3,5-bisthiocarboxylate mononucleotide + Nickel(2+)",MCON_0898 | MCON_0941
0,"Deamino-NAD+ + HCO3- <=> AMP + Pyridinium-3,5-biscarboxylic acid mononucleotide",MCON_1809
0,"ATP + Pyridinium-3,5-biscarboxylic acid mononucleotide <=> Diphosphate + 5-Carboxy-1-(5-O-phospho-beta-D-ribofuranosyl)pyridin-1-ium-3-carbonyl adenylate",MCON_2758
0,ATP + Pyridinium-3-carboxy-5-thiocarboxylic acid mononucleotide <=> Diphosphate + 1-(5-O-Phospho-beta-D-ribofuranosyl)-5-(sulfanylcarbonyl)pyridin-1-ium-3-carbonyl adenylate,MCON_2758
0,(R)-S-Adenosyl-L-methionine + H2O <=> Adenosine + L-Methionine,MCON_2393
0,N-(5'-Phospho-D-1'-ribulosylformimino)-5-amino-1-(5''-phospho-D-ribosyl)-4-imidazolecarboxamide + Ammonia <=> 1-(5'-Phosphoribosyl)-5-amino-4-imidazolecarboxamide + D-erythro-1-(Imidazol-4-yl)glycerol 3-phosphate + H2O,MCON_0619 | MCON_3300 | MCON_3301
0,Ammonia + HCO3- <=> Carbamate + H2O,MCON_2233
0,3''-O-Acetyl-ADP-D-ribose + H2O <=> ADP-ribose + Acetate,MCON_3110
0,O-Acetyl-ADP-ribose + H2O <=> ADP-ribose + Acetate,MCON_3110
0,ADP + D-Glucosamine <=> AMP + D-Glucosamine 6-phosphate,MCON_0234
0,"3-(D-Glyceryl)-diphospho-5'-guanosine + 7,8-Didemethyl-8-hydroxy-5-deazariboflavin <=> GMP + 3PG-factor 420-0",MCON_1062
0,Iminoaspartate + H2O <=> Oxaloacetate + Ammonia,MCON_1163
0,"4-Deoxy-L-erythro-hex-4-enopyranuronate <=> (4S,5S)-4,5-Dihydroxy-2,6-dioxohexanoate",MCON_0026
0,4 Fe2+ + Oxygen + 6 H2O <=> 4 Iron(III) oxide-hydroxide + 8 H+,MCON_2661
0,2 Fe2+ + Oxygen + 4 H2O <=> 2 Iron(III) oxide-hydroxide + 4 H+ + Hydrogen peroxide,MCON_2661
0,2 Fe2+ + Hydrogen peroxide + 2 H2O <=> 2 Iron(III) oxide-hydroxide + 4 H+,MCON_2661
rn00010 Glycolysis / Gluconeogenesis; rn00710 Carbon fixation by Calvin cycle; rn01110 Biosynthesis of secondary metabolites; rn01200 Carbon metabolism; rn01230 Biosynthesis of amino acids,D-Glyceraldehyde 3-phosphate + Orthophosphate + NAD+ <=> 3-Phospho-D-glyceroyl phosphate + NADH + H+,MCON_2908
rn00010 Glycolysis / Gluconeogenesis; rn00710 Carbon fixation by Calvin cycle; rn01110 Biosynthesis of secondary metabolites; rn01200 Carbon metabolism; rn01230 Biosynthesis of amino acids,D-Glyceraldehyde 3-phosphate + Orthophosphate + NADP+ <=> 3-Phospho-D-glyceroyl phosphate + NADPH + H+,MCON_2908
rn00010 Glycolysis / Gluconeogenesis; rn00710 Carbon fixation by Calvin cycle; rn01110 Biosynthesis of secondary metabolites; rn01200 Carbon metabolism; rn01230 Biosynthesis of amino acids,ATP + 3-Phospho-D-glycerate <=> ADP + 3-Phospho-D-glyceroyl phosphate,MCON_2355
rn00030 Pentose phosphate pathway,ATP + D-Ribose <=> ADP + D-Ribose 5-phosphate,MCON_1689
rn00030 Pentose phosphate pathway,2-Deoxy-D-ribose 5-phosphate + ADP <=> Deoxyribose + ATP,MCON_1689
rn00030 Pentose phosphate pathway,"D-Ribose 1,5-bisphosphate <=> D-Ribulose 1,5-bisphosphate",MCON_0206
rn00030 Pentose phosphate pathway; rn00680 Methane metabolism; rn01200 Carbon metabolism; rn01230 Biosynthesis of amino acids,D-Ribulose 5-phosphate + Formaldehyde <=> D-arabino-Hex-3-ulose 6-phosphate,MCON_0429 | MCON_1383
rn00030 Pentose phosphate pathway; rn00680 Methane metabolism; rn01200 Carbon metabolism; rn01230 Biosynthesis of amino acids,D-arabino-Hex-3-ulose 6-phosphate <=> D-Fructose 6-phosphate,MCON_0429
rn00040 Pentose and glucuronate interconversions,Xylitol + NAD+ <=> D-Xylulose + NADH + H+,MCON_0566
rn00040 Pentose and glucuronate interconversions,4-Deoxy-L-threo-hex-4-enopyranuronate <=> 5-Dehydro-4-deoxy-D-glucuronate,MCON_0026
rn00051 Fructose and mannose metabolism,D-Sorbitol + NAD+ <=> D-Fructose + NADH + H+,MCON_0566
rn00051 Fructose and mannose metabolism,L-Fuculose 1-phosphate <=> Glycerone phosphate + (S)-Lactaldehyde,MCON_1374
rn00051 Fructose and mannose metabolism,D-Fructose 1-phosphate <=> Glycerone phosphate + D-Glyceraldehyde,MCON_2528 | MCON_1478 | MCON_3321 | MCON_3232 | MCON_2526
rn00051 Fructose and mannose metabolism,D-Allose 6-phosphate <=> D-Allulose 6-phosphate,MCON_3136
"rn00220 Arginine biosynthesis; rn00250 Alanine, aspartate and glutamate metabolism; rn01110 Biosynthesis of secondary metabolites; rn01230 Biosynthesis of amino acids",N-(L-Arginino)succinate <=> Fumarate + L-Arginine,MCON_1456
"rn00220 Arginine biosynthesis; rn00250 Alanine, aspartate and glutamate metabolism; rn01110 Biosynthesis of secondary metabolites; rn01230 Biosynthesis of amino acids",ATP + L-Citrulline + L-Aspartate <=> AMP + Diphosphate + N-(L-Arginino)succinate,MCON_3352
rn00220 Arginine biosynthesis; rn01110 Biosynthesis of secondary metabolites; rn01210 2-Oxocarboxylic acid metabolism; rn01230 Biosynthesis of amino acids,Acetyl-CoA + L-Glutamate <=> CoA + N-Acetyl-L-glutamate,MCON_1455
rn00220 Arginine biosynthesis; rn01110 Biosynthesis of secondary metabolites; rn01210 2-Oxocarboxylic acid metabolism; rn01230 Biosynthesis of amino acids,N-Acetylornithine + 2-Oxoglutarate <=> N-Acetyl-L-glutamate 5-semialdehyde + L-Glutamate,MCON_1613
rn00220 Arginine biosynthesis; rn01110 Biosynthesis of secondary metabolites; rn01210 2-Oxocarboxylic acid metabolism; rn01230 Biosynthesis of amino acids,ATP + N-Acetyl-L-glutamate <=> ADP + N-Acetyl-L-glutamate 5-phosphate,MCON_2654
rn00220 Arginine biosynthesis; rn01110 Biosynthesis of secondary metabolites; rn01210 2-Oxocarboxylic acid metabolism; rn01230 Biosynthesis of amino acids,N-Acetyl-L-glutamate 5-semialdehyde + Orthophosphate + NADP+ <=> N-Acetyl-L-glutamate 5-phosphate + NADPH + H+,MCON_1453
rn00230 Purine metabolism,"ATP <=> 3',5'-Cyclic AMP + Diphosphate",MCON_1159
rn00230 Purine metabolism,"ADP + ATP <=> Orthophosphate + P1,P4-Bis(5'-adenosyl)tetraphosphate",MCON_2026
rn00230 Purine metabolism,"GTP <=> 3',5'-Cyclic GMP + Diphosphate",MCON_1159
rn00230 Purine metabolism,3'-AMP + H2O <=> Adenosine + Orthophosphate,MCON_0299
rn00230 Purine metabolism,"Adenylyl sulfate + ATP <=> Sulfate + P1,P4-Bis(5'-adenosyl)tetraphosphate",MCON_2026
rn00230 Purine metabolism,Guanosine 3'-phosphate + H2O <=> Guanosine + Orthophosphate,MCON_0299
rn00230 Purine metabolism,1-(5'-Phosphoribosyl)-5-amino-4-imidazolecarboxamide + Diphosphate <=> 5-Amino-4-imidazolecarboxyamide + 5-Phospho-alpha-D-ribose 1-diphosphate,MCON_2988
rn00230 Purine metabolism,N6-Succino-2-amino-2'-deoxyadenylate <=> dZMP + Fumarate,MCON_2669
rn00230 Purine metabolism,dZDP + ATP <=> dZTP + ADP,MCON_1703
"rn00230 Purine metabolism; rn00250 Alanine, aspartate and glutamate metabolism; rn01232 Nucleotide metabolism; rn01240 Biosynthesis of cofactors","N6-(1,2-Dicarboxyethyl)-AMP <=> Fumarate + AMP",MCON_2669
"rn00230 Purine metabolism; rn00250 Alanine, aspartate and glutamate metabolism; rn01232 Nucleotide metabolism; rn01240 Biosynthesis of cofactors","GTP + IMP + L-Aspartate <=> GDP + Orthophosphate + N6-(1,2-Dicarboxyethyl)-AMP",MCON_0554
rn00230 Purine metabolism; rn00670 One carbon pool by folate; rn01110 Biosynthesis of secondary metabolites,10-Formyltetrahydrofolate + 5'-Phosphoribosylglycinamide <=> Tetrahydrofolate + 5'-Phosphoribosyl-N-formylglycinamide,MCON_2025
rn00230 Purine metabolism; rn00670 One carbon pool by folate; rn01110 Biosynthesis of secondary metabolites,10-Formyltetrahydrofolate + 1-(5'-Phosphoribosyl)-5-amino-4-imidazolecarboxamide <=> Tetrahydrofolate + 1-(5'-Phosphoribosyl)-5-formamido-4-imidazolecarboxamide,MCON_1368
rn00230 Purine metabolism; rn01110 Biosynthesis of secondary metabolites,IMP + H2O <=> 1-(5'-Phosphoribosyl)-5-formamido-4-imidazolecarboxamide,MCON_1471 | MCON_1368
rn00230 Purine metabolism; rn01110 Biosynthesis of secondary metabolites,ATP + 5-Phosphoribosylamine + Glycine <=> ADP + Orthophosphate + 5'-Phosphoribosylglycinamide,MCON_1872
rn00230 Purine metabolism; rn01110 Biosynthesis of secondary metabolites,ATP + 2-(Formamido)-N1-(5'-phosphoribosyl)acetamidine <=> ADP + Orthophosphate + Aminoimidazole ribotide,MCON_1652
rn00230 Purine metabolism; rn01110 Biosynthesis of secondary metabolites,ATP + 5'-Phosphoribosyl-N-formylglycinamide + L-Glutamine + H2O <=> ADP + Orthophosphate + 2-(Formamido)-N1-(5'-phosphoribosyl)acetamidine + L-Glutamate,MCON_0209 | MCON_0208 | MCON_0207
rn00230 Purine metabolism; rn01110 Biosynthesis of secondary metabolites,1-(5'-Phosphoribosyl)-5-amino-4-(N-succinocarboxamide)-imidazole <=> Fumarate + 1-(5'-Phosphoribosyl)-5-amino-4-imidazolecarboxamide,MCON_2669
rn00230 Purine metabolism; rn01110 Biosynthesis of secondary metabolites,ATP + 1-(5-Phospho-D-ribosyl)-5-amino-4-imidazolecarboxylate + L-Aspartate <=> ADP + Orthophosphate + 1-(5'-Phosphoribosyl)-5-amino-4-(N-succinocarboxamide)-imidazole,MCON_1441
rn00230 Purine metabolism; rn01110 Biosynthesis of secondary metabolites,Formate + ATP + 1-(5'-Phosphoribosyl)-5-amino-4-imidazolecarboxamide <=> ADP + Orthophosphate + 1-(5'-Phosphoribosyl)-5-formamido-4-imidazolecarboxamide,MCON_1268 | MCON_3207
rn00230 Purine metabolism; rn01110 Biosynthesis of secondary metabolites,5-Carboxyamino-1-(5-phospho-D-ribosyl)imidazole <=> 1-(5-Phospho-D-ribosyl)-5-amino-4-imidazolecarboxylate,MCON_2643
rn00230 Purine metabolism; rn01110 Biosynthesis of secondary metabolites; rn01232 Nucleotide metabolism,ATP + H2O <=> ADP + Orthophosphate,MCON_1365 | MCON_2516
rn00230 Purine metabolism; rn01110 Biosynthesis of secondary metabolites; rn01232 Nucleotide metabolism,Xanthosine 5'-phosphate + H2O <=> Xanthosine + Orthophosphate,MCON_0299
rn00230 Purine metabolism; rn01232 Nucleotide metabolism,AMP + H2O <=> Adenosine + Orthophosphate,MCON_0299
rn00230 Purine metabolism; rn01232 Nucleotide metabolism,AMP + Diphosphate <=> Adenine + 5-Phospho-alpha-D-ribose 1-diphosphate,MCON_2988
rn00230 Purine metabolism; rn01232 Nucleotide metabolism,ATP + GDP <=> ADP + GTP,MCON_1703
rn00230 Purine metabolism; rn01232 Nucleotide metabolism,GTP + H2O <=> GDP + Orthophosphate,MCON_1716
rn00230 Purine metabolism; rn01232 Nucleotide metabolism,ITP + H2O <=> IMP + Diphosphate,MCON_0926
rn00230 Purine metabolism; rn01232 Nucleotide metabolism,ATP + IDP <=> ADP + ITP,MCON_1703
rn00230 Purine metabolism; rn01232 Nucleotide metabolism,IMP + H2O <=> Inosine + Orthophosphate,MCON_0299
rn00230 Purine metabolism; rn01232 Nucleotide metabolism,ATP + dADP <=> ADP + dATP,MCON_1703
rn00230 Purine metabolism; rn01232 Nucleotide metabolism,GMP + H2O <=> Guanosine + Orthophosphate,MCON_0299
rn00230 Purine metabolism; rn01232 Nucleotide metabolism,ATP + Xanthosine 5'-phosphate + Ammonia <=> AMP + Diphosphate + GMP,MCON_0459 | MCON_1034
rn00230 Purine metabolism; rn01232 Nucleotide metabolism,ATP + Xanthosine 5'-phosphate + L-Glutamine + H2O <=> AMP + Diphosphate + GMP + L-Glutamate,MCON_0459 | MCON_1034
rn00230 Purine metabolism; rn01232 Nucleotide metabolism,Adenine + H2O <=> Hypoxanthine + Ammonia,MCON_1251
rn00230 Purine metabolism; rn01232 Nucleotide metabolism,ATP + dAMP <=> ADP + dADP,MCON_1964 | MCON_1615
rn00230 Purine metabolism; rn01232 Nucleotide metabolism,Guanine + H2O <=> Xanthine + Ammonia,MCON_1091
rn00230 Purine metabolism; rn01232 Nucleotide metabolism,dGTP + H2O <=> Deoxyguanosine + Triphosphate,MCON_1311
rn00230 Purine metabolism; rn01232 Nucleotide metabolism,ATP + dGDP <=> ADP + dGTP,MCON_1703
rn00230 Purine metabolism; rn01232 Nucleotide metabolism,dGMP + H2O <=> Deoxyguanosine + Orthophosphate,MCON_0299
rn00230 Purine metabolism; rn01232 Nucleotide metabolism,dAMP + H2O <=> Deoxyadenosine + Orthophosphate,MCON_0299
rn00230 Purine metabolism; rn01232 Nucleotide metabolism,XTP + H2O <=> Xanthosine 5'-phosphate + Diphosphate,MCON_0926
rn00230 Purine metabolism; rn01232 Nucleotide metabolism,ATP + dIDP <=> ADP + dITP,MCON_1703
rn00230 Purine metabolism; rn01232 Nucleotide metabolism,dITP + H2O <=> 2'-Deoxyinosine 5'-phosphate + Diphosphate,MCON_0926
rn00230 Purine metabolism; rn01232 Nucleotide metabolism,"AMP + Orthophosphate <=> Adenine + D-Ribose 1,5-bisphosphate",MCON_0583
rn00230 Purine metabolism; rn01232 Nucleotide metabolism,GTP + Formate <=> dGTP + CO2 + H2O,MCON_2095
rn00230 Purine metabolism; rn01232 Nucleotide metabolism,ATP + Formate <=> dATP + CO2 + H2O,MCON_2095
rn00240 Pyrimidine metabolism,2'-Deoxy-5-hydroxymethylcytidine-5'-diphosphate + ATP <=> 2'-Deoxy-5-hydroxymethylcytidine-5'-triphosphate + ADP,MCON_1703
rn00240 Pyrimidine metabolism,5-Methylcytosine + H2O <=> Thymine + Ammonia,MCON_0322
rn00240 Pyrimidine metabolism,3'-UMP + H2O <=> Uridine + Orthophosphate,MCON_0299
rn00240 Pyrimidine metabolism,3'-CMP + H2O <=> Cytidine + Orthophosphate,MCON_0299
rn00240 Pyrimidine metabolism; rn01232 Nucleotide metabolism,CMP + H2O <=> Cytidine + Orthophosphate,MCON_0299
rn00240 Pyrimidine metabolism; rn01232 Nucleotide metabolism,ATP + CMP <=> ADP + CDP,MCON_2678
rn00240 Pyrimidine metabolism; rn01232 Nucleotide metabolism,UMP + H2O <=> Uridine + Orthophosphate,MCON_0299
rn00240 Pyrimidine metabolism; rn01232 Nucleotide metabolism,Cytosine + H2O <=> Uracil + Ammonia,MCON_0322
rn00240 Pyrimidine metabolism; rn01232 Nucleotide metabolism,dTMP + H2O <=> Thymidine + Orthophosphate,MCON_0299
rn00240 Pyrimidine metabolism; rn01232 Nucleotide metabolism,dCMP + H2O <=> dUMP + Ammonia,MCON_1948
rn00240 Pyrimidine metabolism; rn01232 Nucleotide metabolism,dCMP + H2O <=> Deoxycytidine + Orthophosphate,MCON_0299
rn00240 Pyrimidine metabolism; rn01232 Nucleotide metabolism,ATP + dCMP <=> ADP + dCDP,MCON_2678
rn00240 Pyrimidine metabolism; rn01232 Nucleotide metabolism,ATP + dTDP <=> ADP + dTTP,MCON_1703
rn00240 Pyrimidine metabolism; rn01232 Nucleotide metabolism,ATP + dTMP <=> ADP + dTDP,MCON_1907
rn00240 Pyrimidine metabolism; rn01232 Nucleotide metabolism,ATP + dUMP <=> ADP + dUDP,MCON_1907
rn00240 Pyrimidine metabolism; rn01232 Nucleotide metabolism,dUTP + H2O <=> dUMP + Diphosphate,MCON_0264
rn00240 Pyrimidine metabolism; rn01232 Nucleotide metabolism,dUMP + H2O <=> Deoxyuridine + Orthophosphate,MCON_0299
rn00240 Pyrimidine metabolism; rn01232 Nucleotide metabolism,ATP + dCDP <=> ADP + dCTP,MCON_1703
rn00240 Pyrimidine metabolism; rn01232 Nucleotide metabolism,ATP + dUDP <=> ADP + dUTP,MCON_1703
rn00240 Pyrimidine metabolism; rn01232 Nucleotide metabolism,"CMP + Orthophosphate <=> Cytosine + D-Ribose 1,5-bisphosphate",MCON_0583
rn00240 Pyrimidine metabolism; rn01232 Nucleotide metabolism,"UMP + Orthophosphate <=> Uracil + D-Ribose 1,5-bisphosphate",MCON_0583
rn00240 Pyrimidine metabolism; rn01232 Nucleotide metabolism,UTP + Formate <=> dUTP + CO2 + H2O,MCON_2095
rn00240 Pyrimidine metabolism; rn01232 Nucleotide metabolism,CTP + Formate <=> dCTP + CO2 + H2O,MCON_2095
rn00240 Pyrimidine metabolism; rn01232 Nucleotide metabolism; rn01240 Biosynthesis of cofactors,ATP + UDP <=> ADP + UTP,MCON_1703
rn00240 Pyrimidine metabolism; rn01232 Nucleotide metabolism; rn01240 Biosynthesis of cofactors,ATP + UMP <=> ADP + UDP,MCON_1967
rn00240 Pyrimidine metabolism; rn01232 Nucleotide metabolism; rn01240 Biosynthesis of cofactors,ATP + CDP <=> ADP + CTP,MCON_1703
rn00240 Pyrimidine metabolism; rn01232 Nucleotide metabolism; rn01240 Biosynthesis of cofactors,ATP + UTP + Ammonia <=> ADP + Orthophosphate + CTP,MCON_1542
rn00240 Pyrimidine metabolism; rn01232 Nucleotide metabolism; rn01240 Biosynthesis of cofactors,ATP + UTP + L-Glutamine + H2O <=> ADP + Orthophosphate + CTP + L-Glutamate,MCON_1542
rn00240 Pyrimidine metabolism; rn01240 Biosynthesis of cofactors,Orotidine 5'-phosphate <=> UMP + CO2,MCON_2465
rn00240 Pyrimidine metabolism; rn01240 Biosynthesis of cofactors,(S)-Dihydroorotate + NAD+ <=> Orotate + H+ + NADH,MCON_2335
rn00240 Pyrimidine metabolism; rn01240 Biosynthesis of cofactors,Orotidine 5'-phosphate + Diphosphate <=> Orotate + 5-Phospho-alpha-D-ribose 1-diphosphate,MCON_1953
rn00240 Pyrimidine metabolism; rn01240 Biosynthesis of cofactors,(S)-Dihydroorotate + H2O <=> N-Carbamoyl-L-aspartate,MCON_1192
"rn00250 Alanine, aspartate and glutamate metabolism; rn00350 Tyrosine metabolism; rn00650 Butanoate metabolism; rn00760 Nicotinate and nicotinamide metabolism",Succinate semialdehyde + NAD+ + H2O <=> Succinate + NADH + H+,MCON_2755
"rn00250 Alanine, aspartate and glutamate metabolism; rn00350 Tyrosine metabolism; rn00650 Butanoate metabolism; rn00760 Nicotinate and nicotinamide metabolism",Succinate semialdehyde + NADP+ + H2O <=> Succinate + NADPH + H+,MCON_2755 | MCON_2755
"rn00260 Glycine, serine and threonine metabolism","L-2,4-Diaminobutanoate + Acetyl-CoA <=> N(gamma)-Acetyldiaminobutyrate + CoA",MCON_1200
"rn00260 Glycine, serine and threonine metabolism",N(gamma)-Acetyldiaminobutyrate <=> H2O + Ectoine,MCON_1198
"rn00260 Glycine, serine and threonine metabolism; rn00270 Cysteine and methionine metabolism; rn00300 Lysine biosynthesis; rn01110 Biosynthesis of secondary metabolites; rn01230 Biosynthesis of amino acids",L-Homoserine + NAD+ <=> L-Aspartate 4-semialdehyde + NADH + H+,MCON_0799
"rn00260 Glycine, serine and threonine metabolism; rn00270 Cysteine and methionine metabolism; rn00300 Lysine biosynthesis; rn01110 Biosynthesis of secondary metabolites; rn01230 Biosynthesis of amino acids",L-Homoserine + NADP+ <=> L-Aspartate 4-semialdehyde + NADPH + H+,MCON_0799
rn00261 Monobactam biosynthesis; rn00300 Lysine biosynthesis; rn01110 Biosynthesis of secondary metabolites; rn01230 Biosynthesis of amino acids,"2,3,4,5-Tetrahydrodipicolinate + NAD+ + H2O <=> (2S,4S)-4-Hydroxy-2,3,4,5-tetrahydrodipicolinate + NADH + H+",MCON_0803
rn00261 Monobactam biosynthesis; rn00300 Lysine biosynthesis; rn01110 Biosynthesis of secondary metabolites; rn01230 Biosynthesis of amino acids,"2,3,4,5-Tetrahydrodipicolinate + NADP+ + H2O <=> (2S,4S)-4-Hydroxy-2,3,4,5-tetrahydrodipicolinate + NADPH + H+",MCON_0803
rn00261 Monobactam biosynthesis; rn00300 Lysine biosynthesis; rn01110 Biosynthesis of secondary metabolites; rn01230 Biosynthesis of amino acids,"L-Aspartate 4-semialdehyde + Pyruvate <=> (2S,4S)-4-Hydroxy-2,3,4,5-tetrahydrodipicolinate + H2O",MCON_0804
rn00270 Cysteine and methionine metabolism,S-Adenosyl-L-homocysteine + H2O <=> S-Inosyl-L-homocysteine + Ammonia,MCON_2923
rn00270 Cysteine and methionine metabolism,L-Cysteine + 2-Oxoglutarate <=> Mercaptopyruvate + L-Glutamate,MCON_3113 | MCON_2775 | MCON_2296
rn00270 Cysteine and methionine metabolism,L-Cysteine + 2-Oxoglutarate <=> Mercaptopyruvate + Glutamate,MCON_3113 | MCON_2775 | MCON_2296
rn00270 Cysteine and methionine metabolism,L-Cysteine + Glutathione + NADP+ <=> S-Glutathionyl-L-cysteine + NADPH,MCON_1435
rn00270 Cysteine and methionine metabolism,L-Cysteate + 2-Oxoglutarate <=> 3-Sulfopyruvate + L-Glutamate,MCON_3113 | MCON_2775 | MCON_2296
rn00270 Cysteine and methionine metabolism,3-Sulfino-L-alanine + 2-Oxoglutarate <=> 3-Sulfinylpyruvate + L-Glutamate,MCON_3113 | MCON_2775 | MCON_2296
rn00270 Cysteine and methionine metabolism,S-Methyl-5-thio-D-ribose 1-phosphate <=> S-Methyl-5-thio-D-ribulose 1-phosphate,MCON_3474
rn00270 Cysteine and methionine metabolism,5'-Methylthioadenosine + H2O <=> 5'-S-Methyl-5'-thioinosine + Ammonia,MCON_2923
rn00270 Cysteine and methionine metabolism,5'-S-Methyl-5'-thioinosine + Orthophosphate <=> Hypoxanthine + S-Methyl-5-thio-D-ribose 1-phosphate,MCON_3473
"rn00280 Valine, leucine and isoleucine degradation; rn00290 Valine, leucine and isoleucine biosynthesis; rn00966 Glucosinolate biosynthesis; rn01110 Biosynthesis of secondary metabolites; rn01210 2-Oxocarboxylic acid metabolism; rn01230 Biosynthesis of amino acids",L-Leucine + 2-Oxoglutarate <=> 4-Methyl-2-oxopentanoate + L-Glutamate,MCON_2293
"rn00280 Valine, leucine and isoleucine degradation; rn00290 Valine, leucine and isoleucine biosynthesis; rn00966 Glucosinolate biosynthesis; rn01110 Biosynthesis of secondary metabolites; rn01210 2-Oxocarboxylic acid metabolism; rn01230 Biosynthesis of amino acids",L-Isoleucine + 2-Oxoglutarate <=> (S)-3-Methyl-2-oxopentanoic acid + L-Glutamate,MCON_2293
"rn00290 Valine, leucine and isoleucine biosynthesis; rn00660 C5-Branched dibasic acid metabolism; rn01210 2-Oxocarboxylic acid metabolism; rn01230 Biosynthesis of amino acids",(R)-2-Methylmalate <=> 2-Methylmaleate + H2O,MCON_1320 | MCON_1271
"rn00290 Valine, leucine and isoleucine biosynthesis; rn00660 C5-Branched dibasic acid metabolism; rn01210 2-Oxocarboxylic acid metabolism; rn01230 Biosynthesis of amino acids",2-Methylmaleate + H2O <=> D-erythro-3-Methylmalate,MCON_1320 | MCON_1271
"rn00290 Valine, leucine and isoleucine biosynthesis; rn00660 C5-Branched dibasic acid metabolism; rn01210 2-Oxocarboxylic acid metabolism; rn01230 Biosynthesis of amino acids",Acetyl-CoA + Pyruvate + H2O <=> (R)-2-Methylmalate + CoA,MCON_0409
"rn00290 Valine, leucine and isoleucine biosynthesis; rn01110 Biosynthesis of secondary metabolites; rn01210 2-Oxocarboxylic acid metabolism",alpha-Isopropylmalate <=> 2-Isopropylmaleate + H2O,MCON_1320 | MCON_1271
"rn00290 Valine, leucine and isoleucine biosynthesis; rn01110 Biosynthesis of secondary metabolites; rn01210 2-Oxocarboxylic acid metabolism","(2R,3S)-3-Isopropylmalate <=> 2-Isopropylmaleate + H2O",MCON_1320 | MCON_1271
"rn00290 Valine, leucine and isoleucine biosynthesis; rn01110 Biosynthesis of secondary metabolites; rn01210 2-Oxocarboxylic acid metabolism; rn01230 Biosynthesis of amino acids","(R)-2,3-Dihydroxy-3-methylbutanoate + NADP+ <=> 3-Hydroxy-3-methyl-2-oxobutanoic acid + NADPH + H+",MCON_0412
"rn00290 Valine, leucine and isoleucine biosynthesis; rn01110 Biosynthesis of secondary metabolites; rn01210 2-Oxocarboxylic acid metabolism; rn01230 Biosynthesis of amino acids","(R)-2,3-Dihydroxy-3-methylpentanoate + NADP+ <=> (R)-3-Hydroxy-3-methyl-2-oxopentanoate + NADPH + H+",MCON_0412
"rn00290 Valine, leucine and isoleucine biosynthesis; rn01110 Biosynthesis of secondary metabolites; rn01210 2-Oxocarboxylic acid metabolism; rn01230 Biosynthesis of amino acids",(S)-2-Aceto-2-hydroxybutanoate <=> (R)-3-Hydroxy-3-methyl-2-oxopentanoate,MCON_0412
"rn00290 Valine, leucine and isoleucine biosynthesis; rn01110 Biosynthesis of secondary metabolites; rn01210 2-Oxocarboxylic acid metabolism; rn01230 Biosynthesis of amino acids","(R)-2,3-Dihydroxy-3-methylpentanoate <=> (S)-3-Methyl-2-oxopentanoic acid + H2O",MCON_1149
"rn00290 Valine, leucine and isoleucine biosynthesis; rn01110 Biosynthesis of secondary metabolites; rn01210 2-Oxocarboxylic acid metabolism; rn01230 Biosynthesis of amino acids",(S)-2-Acetolactate <=> 3-Hydroxy-3-methyl-2-oxobutanoic acid,MCON_0412
"rn00290 Valine, leucine and isoleucine biosynthesis; rn01110 Biosynthesis of secondary metabolites; rn01210 2-Oxocarboxylic acid metabolism; rn01230 Biosynthesis of amino acids",Pyruvate + 2-Oxobutanoate <=> (S)-2-Aceto-2-hydroxybutanoate + CO2,MCON_0410 | MCON_0411
rn00300 Lysine biosynthesis; rn00470 D-Amino acid metabolism; rn01110 Biosynthesis of secondary metabolites; rn01230 Biosynthesis of amino acids,"meso-2,6-Diaminoheptanedioate <=> L-Lysine + CO2",MCON_1770
rn00300 Lysine biosynthesis; rn00470 D-Amino acid metabolism; rn01110 Biosynthesis of secondary metabolites; rn01230 Biosynthesis of amino acids,"LL-2,6-Diaminoheptanedioate <=> meso-2,6-Diaminoheptanedioate",MCON_0430
rn00300 Lysine biosynthesis; rn01110 Biosynthesis of secondary metabolites; rn01210 2-Oxocarboxylic acid metabolism; rn01230 Biosynthesis of amino acids,"(R)-2-Hydroxybutane-1,2,4-tricarboxylate <=> (Z)-But-1-ene-1,2,4-tricarboxylate + H2O",MCON_0444 | MCON_1922
rn00300 Lysine biosynthesis; rn01110 Biosynthesis of secondary metabolites; rn01210 2-Oxocarboxylic acid metabolism; rn01230 Biosynthesis of amino acids,"Homoisocitrate <=> (Z)-But-1-ene-1,2,4-tricarboxylate + H2O",MCON_0444 | MCON_1922
rn00300 Lysine biosynthesis; rn01230 Biosynthesis of amino acids,"N-Succinyl-LL-2,6-diaminoheptanedioate + H2O <=> Succinate + LL-2,6-Diaminoheptanedioate",MCON_2723
rn00300 Lysine biosynthesis; rn01230 Biosynthesis of amino acids,"N-Succinyl-LL-2,6-diaminoheptanedioate + 2-Oxoglutarate <=> N-Succinyl-2-L-amino-6-oxoheptanedioate + L-Glutamate",MCON_1613
rn00310 Lysine degradation,"L-Lysine <=> (3S)-3,6-Diaminohexanoate",MCON_3114
rn00310 Lysine degradation,5-Oxopentanoate + NAD+ + H2O <=> Glutarate + NADH + H+,MCON_2755
rn00330 Arginine and proline metabolism,Creatinine + H2O <=> Creatine,MCON_1443
rn00330 Arginine and proline metabolism,Creatinine + H2O <=> N-Methylhydantoin + Ammonia,MCON_0322
rn00330 Arginine and proline metabolism,L-erythro-4-Hydroxyglutamate + 2-Oxoglutarate <=> (4R)-4-Hydroxy-2-oxoglutarate + L-Glutamate,MCON_3113 | MCON_2775 | MCON_2296
rn00330 Arginine and proline metabolism; rn01110 Biosynthesis of secondary metabolites,L-Arginine <=> Agmatine + CO2,MCON_3166
rn00330 Arginine and proline metabolism; rn01110 Biosynthesis of secondary metabolites,Agmatine + H2O <=> N-Carbamoylputrescine + Ammonia,MCON_3455
rn00340 Histidine metabolism; rn01110 Biosynthesis of secondary metabolites,L-Histidinal + H2O + NAD+ <=> L-Histidine + NADH + H+,MCON_0797
rn00340 Histidine metabolism; rn01110 Biosynthesis of secondary metabolites,L-Histidinol + NAD+ <=> L-Histidinal + NADH + H+,MCON_0797
rn00340 Histidine metabolism; rn01110 Biosynthesis of secondary metabolites; rn01230 Biosynthesis of amino acids,1-(5-Phospho-D-ribosyl)-ATP + Diphosphate <=> ATP + 5-Phospho-alpha-D-ribose 1-diphosphate,MCON_1881
rn00340 Histidine metabolism; rn01110 Biosynthesis of secondary metabolites; rn01230 Biosynthesis of amino acids,L-Histidinol phosphate + 2-Oxoglutarate <=> 3-(Imidazol-4-yl)-2-oxopropyl phosphate + L-Glutamate,MCON_1614
rn00340 Histidine metabolism; rn01110 Biosynthesis of secondary metabolites; rn01230 Biosynthesis of amino acids,D-erythro-1-(Imidazol-4-yl)glycerol 3-phosphate <=> 3-(Imidazol-4-yl)-2-oxopropyl phosphate + H2O,MCON_0300 | MCON_0505
rn00340 Histidine metabolism; rn01110 Biosynthesis of secondary metabolites; rn01230 Biosynthesis of amino acids,Phosphoribosyl-AMP + H2O <=> 5-(5-Phospho-D-ribosylaminoformimino)-1-(5-phosphoribosyl)-imidazole-4-carboxamide,MCON_1969
rn00340 Histidine metabolism; rn01110 Biosynthesis of secondary metabolites; rn01230 Biosynthesis of amino acids,N-(5'-Phospho-D-1'-ribulosylformimino)-5-amino-1-(5''-phospho-D-ribosyl)-4-imidazolecarboxamide + L-Glutamine <=> D-erythro-1-(Imidazol-4-yl)glycerol 3-phosphate + 1-(5'-Phosphoribosyl)-5-amino-4-imidazolecarboxamide + L-Glutamate,MCON_0619 | MCON_3300 | MCON_3301
rn00340 Histidine metabolism; rn01110 Biosynthesis of secondary metabolites; rn01230 Biosynthesis of amino acids,5-(5-Phospho-D-ribosylaminoformimino)-1-(5-phosphoribosyl)-imidazole-4-carboxamide <=> N-(5'-Phospho-D-1'-ribulosylformimino)-5-amino-1-(5''-phospho-D-ribosyl)-4-imidazolecarboxamide,MCON_0301 | MCON_2256
rn00360 Phenylalanine metabolism,L-Phenylalanine <=> Phenethylamine + CO2,MCON_0966
rn00360 Phenylalanine metabolism,ATP + Phenylacetic acid + CoA <=> AMP + Diphosphate + Phenylacetyl-CoA,MCON_0819 | MCON_2332
rn00380 Tryptophan metabolism,Formylanthranilate + H2O <=> Formate + Anthranilate,MCON_1407
rn00380 Tryptophan metabolism,2 3-Hydroxyanthranilate + 4 Oxygen <=> Cinnavalininate + 2 Superoxide + 2 Hydrogen peroxide + 2 H+,MCON_0161
rn00380 Tryptophan metabolism,5-Hydroxy-L-tryptophan <=> Serotonin + CO2,MCON_0966
rn00380 Tryptophan metabolism,5-Hydroxykynurenamine + CO2 <=> 5-Hydroxykynurenine,MCON_0966
rn00380 Tryptophan metabolism,5-Hydroxy-N-formylkynurenine + H2O <=> 5-Hydroxykynurenine + Formate,MCON_1407
"rn00400 Phenylalanine, tyrosine and tryptophan biosynthesis; rn01110 Biosynthesis of secondary metabolites",L-Serine + Indole <=> L-Tryptophan + H2O,MCON_2511 | MCON_1800 | MCON_1801
"rn00400 Phenylalanine, tyrosine and tryptophan biosynthesis; rn01110 Biosynthesis of secondary metabolites","L-Aspartate 4-semialdehyde + 6-Deoxy-5-ketofructose 1-phosphate <=> 2-Amino-3,7-dideoxy-D-threo-hept-6-ulosonic acid + Hydroxypyruvaldehyde phosphate",MCON_1478 | MCON_3321
"rn00400 Phenylalanine, tyrosine and tryptophan biosynthesis; rn01110 Biosynthesis of secondary metabolites","2-Amino-3,7-dideoxy-D-threo-hept-6-ulosonic acid + H2O + NAD+ <=> 3-Dehydroquinate + Ammonia + NADH + H+",MCON_1239
"rn00400 Phenylalanine, tyrosine and tryptophan biosynthesis; rn01110 Biosynthesis of secondary metabolites; rn01230 Biosynthesis of amino acids",L-Arogenate <=> L-Phenylalanine + H2O + CO2,MCON_2639
"rn00400 Phenylalanine, tyrosine and tryptophan biosynthesis; rn01110 Biosynthesis of secondary metabolites; rn01230 Biosynthesis of amino acids",Chorismate + Ammonia <=> Anthranilate + Pyruvate + H2O,MCON_1299 | MCON_1300
"rn00400 Phenylalanine, tyrosine and tryptophan biosynthesis; rn01110 Biosynthesis of secondary metabolites; rn01230 Biosynthesis of amino acids",N-(5-Phospho-D-ribosyl)anthranilate + Diphosphate <=> Anthranilate + 5-Phospho-alpha-D-ribose 1-diphosphate,MCON_0565 | MCON_1297
"rn00400 Phenylalanine, tyrosine and tryptophan biosynthesis; rn01110 Biosynthesis of secondary metabolites; rn01230 Biosynthesis of amino acids",Prephenate <=> Phenylpyruvate + H2O + CO2,MCON_2639
"rn00400 Phenylalanine, tyrosine and tryptophan biosynthesis; rn01110 Biosynthesis of secondary metabolites; rn01230 Biosynthesis of amino acids",5-O-(1-Carboxyvinyl)-3-phosphoshikimate <=> Chorismate + Orthophosphate,MCON_1507
"rn00400 Phenylalanine, tyrosine and tryptophan biosynthesis; rn01110 Biosynthesis of secondary metabolites; rn01230 Biosynthesis of amino acids",Chorismate <=> Prephenate,MCON_2644
"rn00400 Phenylalanine, tyrosine and tryptophan biosynthesis; rn01110 Biosynthesis of secondary metabolites; rn01230 Biosynthesis of amino acids",ATP + Shikimate <=> ADP + Shikimate 3-phosphate,MCON_0363 | MCON_2645
"rn00400 Phenylalanine, tyrosine and tryptophan biosynthesis; rn01110 Biosynthesis of secondary metabolites; rn01230 Biosynthesis of amino acids",Shikimate + NADP+ <=> 3-Dehydroshikimate + NADPH + H+,MCON_3308
"rn00400 Phenylalanine, tyrosine and tryptophan biosynthesis; rn01110 Biosynthesis of secondary metabolites; rn01230 Biosynthesis of amino acids",3-Dehydroquinate <=> 3-Dehydroshikimate + H2O,MCON_1240
"rn00400 Phenylalanine, tyrosine and tryptophan biosynthesis; rn01110 Biosynthesis of secondary metabolites; rn01230 Biosynthesis of amino acids",Phosphoenolpyruvate + Shikimate 3-phosphate <=> Orthophosphate + 5-O-(1-Carboxyvinyl)-3-phosphoshikimate,MCON_0229
"rn00400 Phenylalanine, tyrosine and tryptophan biosynthesis; rn01110 Biosynthesis of secondary metabolites; rn01230 Biosynthesis of amino acids",1-(2-Carboxyphenylamino)-1-deoxy-D-ribulose 5-phosphate <=> Indoleglycerol phosphate + CO2 + H2O,MCON_1301
"rn00400 Phenylalanine, tyrosine and tryptophan biosynthesis; rn01110 Biosynthesis of secondary metabolites; rn01230 Biosynthesis of amino acids",N-(5-Phospho-D-ribosyl)anthranilate <=> 1-(2-Carboxyphenylamino)-1-deoxy-D-ribulose 5-phosphate,MCON_1298
rn00450 Selenocompound metabolism,Hydrogen selenide + 3 NADP+ + 3 H2O <=> Selenite + 3 NADPH + 5 H+,MCON_1435
rn00450 Selenocompound metabolism,Selenohomocysteine + 5-Methyltetrahydropteroyltri-L-glutamate <=> L-Selenomethionine + Tetrahydropteroyltri-L-glutamate,MCON_0168
rn00450 Selenocompound metabolism,2 NADPH + 2 H+ + Methylselenic acid <=> 2 NADP+ + 2 H2O + Methaneselenol,MCON_1435
rn00520 Amino sugar and nucleotide sugar metabolism; rn00541 O-Antigen nucleotide sugar biosynthesis; rn01250 Biosynthesis of nucleotide sugars,UTP + N-Acetyl-alpha-D-glucosamine 1-phosphate <=> Diphosphate + UDP-N-acetyl-alpha-D-glucosamine,MCON_2572
rn00520 Amino sugar and nucleotide sugar metabolism; rn00541 O-Antigen nucleotide sugar biosynthesis; rn01250 Biosynthesis of nucleotide sugars,UDP-N-acetyl-alpha-D-glucosamine <=> UDP-N-acetyl-D-galactosamine,MCON_1457 | MCON_1862 | MCON_3230 | MCON_1223
rn00520 Amino sugar and nucleotide sugar metabolism; rn00541 O-Antigen nucleotide sugar biosynthesis; rn01250 Biosynthesis of nucleotide sugars,"UDP-2,3-diacetamido-2,3-dideoxy-alpha-D-glucuronate <=> UDP-2,3-diacetamido-2,3-dideoxy-alpha-D-mannuronate",MCON_2577
rn00520 Amino sugar and nucleotide sugar metabolism; rn00541 O-Antigen nucleotide sugar biosynthesis; rn01250 Biosynthesis of nucleotide sugars,"Acetyl-CoA + UDP-2-acetamido-3-amino-2,3-dideoxy-alpha-D-glucuronate <=> CoA + UDP-2,3-diacetamido-2,3-dideoxy-alpha-D-glucuronate",MCON_2575
rn00520 Amino sugar and nucleotide sugar metabolism; rn01250 Biosynthesis of nucleotide sugars,Acetyl-CoA + alpha-D-Glucosamine 1-phosphate <=> CoA + N-Acetyl-alpha-D-glucosamine 1-phosphate,MCON_2572
rn00520 Amino sugar and nucleotide sugar metabolism; rn01250 Biosynthesis of nucleotide sugars,UTP + N-Acetyl-alpha-D-galactosamine 1-phosphate <=> Diphosphate + UDP-N-acetyl-D-galactosamine,MCON_2572
rn00520 Amino sugar and nucleotide sugar metabolism; rn01250 Biosynthesis of nucleotide sugars,Acetyl-CoA + alpha-D-Galactosamine 1-phosphate <=> CoA + N-Acetyl-alpha-D-galactosamine 1-phosphate,MCON_2572
rn00521 Streptomycin biosynthesis; rn00523 Polyketide sugar unit biosynthesis; rn00541 O-Antigen nucleotide sugar biosynthesis; rn01110 Biosynthesis of secondary metabolites; rn01250 Biosynthesis of nucleotide sugars,dTDP-L-rhamnose + NADP+ <=> dTDP-4-dehydro-beta-L-rhamnose + NADPH + H+,MCON_2591
rn00521 Streptomycin biosynthesis; rn00523 Polyketide sugar unit biosynthesis; rn00541 O-Antigen nucleotide sugar biosynthesis; rn01110 Biosynthesis of secondary metabolites; rn01250 Biosynthesis of nucleotide sugars,dTDP-4-oxo-6-deoxy-D-glucose <=> dTDP-4-dehydro-beta-L-rhamnose,MCON_0485 | MCON_2590
rn00521 Streptomycin biosynthesis; rn00562 Inositol phosphate metabolism; rn01110 Biosynthesis of secondary metabolites,1D-myo-Inositol 3-phosphate + H2O <=> myo-Inositol + Orthophosphate,MCON_2071
rn00521 Streptomycin biosynthesis; rn00562 Inositol phosphate metabolism; rn01110 Biosynthesis of secondary metabolites,D-Glucose 6-phosphate <=> 1D-myo-Inositol 3-phosphate,MCON_0025
rn00562 Inositol phosphate metabolism,Inositol 1-phosphate + H2O <=> myo-Inositol + Orthophosphate,MCON_2071
rn00562 Inositol phosphate metabolism,myo-Inositol 4-phosphate + H2O <=> myo-Inositol + Orthophosphate,MCON_2071
rn00564 Glycerophospholipid metabolism,sn-Glycero-3-phosphocholine + H2O <=> Choline + sn-Glycerol 3-phosphate,MCON_0572
rn00564 Glycerophospholipid metabolism,sn-Glycero-3-phosphoethanolamine + H2O <=> Ethanolamine + sn-Glycerol 3-phosphate,MCON_0572
rn00564 Glycerophospholipid metabolism; rn01110 Biosynthesis of secondary metabolites,Geranylgeranyl diphosphate + sn-Glycerol 1-phosphate <=> Diphosphate + 3-(O-Geranylgeranyl)-sn-glycerol 1-phosphate,MCON_1916
rn00564 Glycerophospholipid metabolism; rn01110 Biosynthesis of secondary metabolites,"Geranylgeranyl diphosphate + 3-(O-Geranylgeranyl)-sn-glycerol 1-phosphate <=> Diphosphate + 2,3-Bis-(O-geranylgeranyl)-sn-glycerol 1-phosphate",MCON_0147
rn00564 Glycerophospholipid metabolism; rn01110 Biosynthesis of secondary metabolites,sn-Glycerol 1-phosphate + NAD+ <=> Glycerone phosphate + NADH + H+,MCON_1056
rn00564 Glycerophospholipid metabolism; rn01110 Biosynthesis of secondary metabolites,sn-Glycerol 1-phosphate + NADP+ <=> Glycerone phosphate + NADPH + H+,MCON_1056
rn00564 Glycerophospholipid metabolism; rn01110 Biosynthesis of secondary metabolites,"CTP + 2,3-Bis-(O-geranylgeranyl)-sn-glycerol 1-phosphate <=> Diphosphate + CDP-2,3-bis-(O-geranylgeranyl)-sn-glycerol",MCON_1076
rn00564 Glycerophospholipid metabolism; rn01110 Biosynthesis of secondary metabolites,"CDP-2,3-bis-(O-geranylgeranyl)-sn-glycerol + L-Serine <=> CMP + 2,3-Bis-(O-geranylgeranyl)-sn-glycero-1-phospho-L-serine",MCON_0461
rn00564 Glycerophospholipid metabolism; rn01110 Biosynthesis of secondary metabolites,"2,3-Bis-(O-phytanyl)-sn-glycerol 1-phosphate + 8 NAD+ <=> 2,3-Bis-(O-geranylgeranyl)-sn-glycerol 1-phosphate + 8 NADH + 8 H+",MCON_3296 | MCON_1147 | MCON_3250
rn00564 Glycerophospholipid metabolism; rn01110 Biosynthesis of secondary metabolites,"2,3-Bis-(O-phytanyl)-sn-glycerol 1-phosphate + 8 NADP+ <=> 2,3-Bis-(O-geranylgeranyl)-sn-glycerol 1-phosphate + 8 NADPH + 8 H+",MCON_3296 | MCON_1147 | MCON_3250
rn00620 Pyruvate metabolism,Oxaloacetate <=> Pyruvate + CO2,MCON_1918
rn00620 Pyruvate metabolism,Acetyl adenylate + CoA <=> AMP + Acetyl-CoA,MCON_0780 | MCON_0556 | MCON_0558 | MCON_0559 | MCON_0561 | MCON_2868
rn00620 Pyruvate metabolism,ATP + Acetate <=> Diphosphate + Acetyl adenylate,MCON_0780 | MCON_0556 | MCON_0558 | MCON_0559 | MCON_0561 | MCON_2868
rn00620 Pyruvate metabolism,Acetyl phosphate + H2O <=> Acetate + Orthophosphate,MCON_0840 | MCON_3294
rn00620 Pyruvate metabolism,(S)-Lactate <=> (R)-Lactate,MCON_0092
rn00620 Pyruvate metabolism,(R)-S-Lactoylglutathione + H2O <=> Glutathione + (R)-Lactate,MCON_1612 | MCON_0109 | MCON_3079
rn00627 Aminobenzoate degradation,Benzoyl phosphate + H2O <=> Benzoate + Orthophosphate,MCON_0840 | MCON_3294
rn00627 Aminobenzoate degradation,4-Nitrophenyl phosphate + H2O <=> 4-Nitrophenol + Orthophosphate,MCON_2339
rn00630 Glyoxylate and dicarboxylate metabolism,meso-Tartaric acid + NAD+ <=> 2-Hydroxy-3-oxosuccinate + NADH + H+,MCON_1272
rn00630 Glyoxylate and dicarboxylate metabolism,"(R,R)-Tartaric acid + NAD+ <=> 2-Hydroxy-3-oxosuccinate + NADH + H+",MCON_1272
rn00630 Glyoxylate and dicarboxylate metabolism; rn01110 Biosynthesis of secondary metabolites; rn01200 Carbon metabolism,2 Hydrogen peroxide <=> Oxygen + 2 H2O,MCON_0161
rn00630 Glyoxylate and dicarboxylate metabolism; rn01110 Biosynthesis of secondary metabolites; rn01200 Carbon metabolism,2-Phosphoglycolate + H2O <=> Glycolate + Orthophosphate,MCON_3141
rn00630 Glyoxylate and dicarboxylate metabolism; rn01110 Biosynthesis of secondary metabolites; rn01200 Carbon metabolism,"D-Ribulose 1,5-bisphosphate + Oxygen <=> 3-Phospho-D-glycerate + 2-Phosphoglycolate",MCON_3086
rn00640 Propanoate metabolism,Propionyladenylate + CoA <=> AMP + Propanoyl-CoA,MCON_0780 | MCON_0556 | MCON_0558 | MCON_0559 | MCON_0561 | MCON_2868
rn00640 Propanoate metabolism,ATP + Propanoate <=> Diphosphate + Propionyladenylate,MCON_0780 | MCON_0556 | MCON_0558 | MCON_0559 | MCON_0561 | MCON_2868
rn00670 One carbon pool by folate; rn00720 Other carbon fixation pathways; rn01200 Carbon metabolism; rn01240 Biosynthesis of cofactors,"5,10-Methylenetetrahydrofolate + NADP+ <=> 5,10-Methenyltetrahydrofolate + NADPH",MCON_0224
rn00670 One carbon pool by folate; rn00720 Other carbon fixation pathways; rn01200 Carbon metabolism; rn01240 Biosynthesis of cofactors,"5,10-Methenyltetrahydrofolate + H2O <=> 10-Formyltetrahydrofolate + H+",MCON_0224
rn00680 Methane metabolism,Coenzyme F420 + Hydrogen <=> Reduced coenzyme F420,MCON_2320
rn00680 Methane metabolism,"L-Serine + 5,6,7,8-Tetrahydromethanopterin <=> 5,10-Methylenetetrahydromethanopterin + Glycine + H2O",MCON_0223
rn00680 Methane metabolism,Phosphoenolpyruvate + GTP <=> Enolpyruvoyl-2-diphospho-5'-guanosine + Diphosphate,MCON_0918
rn00680 Methane metabolism,"Enolpyruvoyl-2-diphospho-5'-guanosine + 7,8-Didemethyl-8-hydroxy-5-deazariboflavin <=> GMP + Dehydro coenzyme F420-0",MCON_1062
rn00680 Methane metabolism; rn01200 Carbon metabolism,"Formylmethanofuran + 5,6,7,8-Tetrahydromethanopterin <=> Methanofuran + 5-Formyl-5,6,7,8-tetrahydromethanopterin",MCON_1472
rn00680 Methane metabolism; rn01200 Carbon metabolism,"5,10-Methenyltetrahydromethanopterin + H2O <=> 5-Formyl-5,6,7,8-tetrahydromethanopterin + H+",MCON_1290
rn00680 Methane metabolism; rn01200 Carbon metabolism,"5-Methyl-5,6,7,8-tetrahydromethanopterin + Coenzyme M + 2 Sodium cation(side 1) <=> 5,6,7,8-Tetrahydromethanopterin + 2-(Methylthio)ethanesulfonate + 2 Sodium cation(side 2)",MCON_1069 | MCON_1070 | MCON_1068 | MCON_1071 | MCON_1072 | MCON_1073 | MCON_1074 | MCON_1075 | MCON_2872 | MCON_2873
rn00680 Methane metabolism; rn01200 Carbon metabolism,"5,10-Methylenetetrahydromethanopterin + Coenzyme F420 + H+ <=> 5,10-Methenyltetrahydromethanopterin + Reduced coenzyme F420",MCON_1052
rn00680 Methane metabolism; rn01200 Carbon metabolism,"5,10-Methylenetetrahydromethanopterin + Reduced coenzyme F420 <=> 5-Methyl-5,6,7,8-tetrahydromethanopterin + Coenzyme F420",MCON_2394
rn00680 Methane metabolism; rn01200 Carbon metabolism,Coenzyme M 7-mercaptoheptanoylthreonine-phosphate heterodisulfide + Dihydromethanophenazine <=> Coenzyme B + Coenzyme M + Methanophenazine,MCON_3442 | MCON_3441
rn00680 Methane metabolism; rn01200 Carbon metabolism,Coenzyme B + 2-(Methylthio)ethanesulfonate <=> Coenzyme M 7-mercaptoheptanoylthreonine-phosphate heterodisulfide + Methane,MCON_0759 | MCON_0760 | MCON_0762
rn00680 Methane metabolism; rn01200 Carbon metabolism,"5,6,7,8-Tetrahydromethanopterin + Formaldehyde <=> 5,10-Methylenetetrahydromethanopterin + H2O",MCON_1033 | MCON_1383
rn00680 Methane metabolism; rn01200 Carbon metabolism,Formylmethanofuran + H2O <=> Formate + Methanofuran,MCON_0238 | MCON_0239 | MCON_0240 | MCON_0241 | MCON_1733 | MCON_1734 | MCON_2898 | MCON_2129
rn00680 Methane metabolism; rn01200 Carbon metabolism,Formate + Coenzyme F420 <=> CO2 + Reduced coenzyme F420,MCON_2237
rn00680 Methane metabolism; rn01200 Carbon metabolism,5-Methyl-H4SPT + Coenzyme M + 2 Sodium cation(side 1) <=> Tetrahydrosarcinapterin + 2-(Methylthio)ethanesulfonate + 2 Sodium cation(side 2),MCON_1069 | MCON_1070 | MCON_1068 | MCON_1071 | MCON_1072 | MCON_1073 | MCON_1074 | MCON_1075 | MCON_2872 | MCON_2873
rn00680 Methane metabolism; rn01210 2-Oxocarboxylic acid metabolism,(R)-(Homo)2-citrate <=> cis-(Homo)2-aconitate + H2O,MCON_0444 | MCON_1922
rn00680 Methane metabolism; rn01210 2-Oxocarboxylic acid metabolism,cis-(Homo)2-aconitate + H2O <=> (-)-threo-Iso(homo)2-citrate,MCON_0444 | MCON_1922
rn00680 Methane metabolism; rn01210 2-Oxocarboxylic acid metabolism,(R)-(Homo)3-citrate <=> cis-(Homo)3-aconitate + H2O,MCON_0444 | MCON_1922
rn00680 Methane metabolism; rn01210 2-Oxocarboxylic acid metabolism,cis-(Homo)3-aconitate + H2O <=> (-)-threo-Iso(homo)3-citrate,MCON_0444 | MCON_1922
rn00680 Methane metabolism; rn01240 Biosynthesis of cofactors,3-Sulfopyruvate <=> Sulfoacetaldehyde + CO2,MCON_2819 | MCON_2821
rn00680 Methane metabolism; rn01240 Biosynthesis of cofactors,(2S)-2-Phospholactate + GTP <=> (2S)-Lactyl-2-diphospho-5'-guanosine + Diphosphate,MCON_0918
rn00680 Methane metabolism; rn01240 Biosynthesis of cofactors,"7,8-Didemethyl-8-hydroxy-5-deazariboflavin + (2S)-Lactyl-2-diphospho-5'-guanosine <=> Coenzyme F420-0 + GMP",MCON_1062
rn00680 Methane metabolism; rn01240 Biosynthesis of cofactors,Coenzyme F420-0 + GTP + L-Glutamate <=> Coenzyme F420-1 + GDP + Orthophosphate,MCON_0919
rn00680 Methane metabolism; rn01240 Biosynthesis of cofactors,Coenzyme F420-1 + GTP + L-Glutamate <=> Coenzyme F420 + GDP + Orthophosphate,MCON_0919
rn00680 Methane metabolism; rn01240 Biosynthesis of cofactors,ATP + Tyramine + L-Glutamate <=> ADP + Orthophosphate + gamma-Glutamyltyramine,MCON_1686
rn00680 Methane metabolism; rn01240 Biosynthesis of cofactors,(5-Formylfuran-3-yl)methyl phosphate + Orthophosphate + 2 H2O <=> 2 D-Glyceraldehyde 3-phosphate,MCON_2254
rn00680 Methane metabolism; rn01240 Biosynthesis of cofactors,(5-Formylfuran-3-yl)methyl phosphate + L-Alanine <=> [5-(Aminomethyl)furan-3-yl]methyl phosphate + Pyruvate,MCON_2279
rn00680 Methane metabolism; rn01240 Biosynthesis of cofactors,[5-(Aminomethyl)furan-3-yl]methyl phosphate + ATP <=> [5-(Aminomethyl)furan-3-yl]methyl diphosphate + ADP,MCON_0142
rn00680 Methane metabolism; rn01240 Biosynthesis of cofactors,[5-(Aminomethyl)furan-3-yl]methyl diphosphate + gamma-Glutamyltyramine <=> (4-{4-[2-(gamma-L-Glutamylamino)ethyl]phenoxymethyl}furan-2-yl)methanamine + Diphosphate,MCON_2321
rn00680 Methane metabolism; rn01240 Biosynthesis of cofactors,"5-Amino-6-(1-D-ribitylamino)uracil + L-Tyrosine + S-Adenosyl-L-methionine <=> 5-Amino-5-(4-hydroxybenzyl)-6-(D-ribitylimino)-5,6-dihydrouracil + Iminoglycine + L-Methionine + 5'-Deoxyadenosine",MCON_3335
rn00680 Methane metabolism; rn01240 Biosynthesis of cofactors,"5-Amino-5-(4-hydroxybenzyl)-6-(D-ribitylimino)-5,6-dihydrouracil + S-Adenosyl-L-methionine <=> 7,8-Didemethyl-8-hydroxy-5-deazariboflavin + Ammonia + L-Methionine + 5'-Deoxyadenosine",MCON_1058
rn00710 Carbon fixation by Calvin cycle; rn01200 Carbon metabolism,"D-Ribulose 1,5-bisphosphate + CO2 + H2O <=> 2 3-Phospho-D-glycerate",MCON_3086
rn00710 Carbon fixation by Calvin cycle; rn01200 Carbon metabolism,"ATP + D-Ribulose 5-phosphate <=> ADP + D-Ribulose 1,5-bisphosphate",MCON_1902
rn00710 Carbon fixation by Calvin cycle; rn01200 Carbon metabolism,"Sedoheptulose 1,7-bisphosphate <=> Glycerone phosphate + D-Erythrose 4-phosphate",MCON_2528 | MCON_1478 | MCON_3321 | MCON_3232 | MCON_2526
rn00710 Carbon fixation by Calvin cycle; rn01200 Carbon metabolism,"Sedoheptulose 1,7-bisphosphate + H2O <=> Sedoheptulose 7-phosphate + Orthophosphate",MCON_2525 | MCON_2528
rn00720 Other carbon fixation pathways; rn01200 Carbon metabolism,Tetrahydrofolate + Acetyl-CoA <=> 5-Methyltetrahydrofolate + CoA + CO,MCON_1942 | MCON_1330
rn00720 Other carbon fixation pathways; rn01200 Carbon metabolism,Fumarate + Coenzyme M + Coenzyme B <=> Succinate + Coenzyme M 7-mercaptoheptanoylthreonine-phosphate heterodisulfide,MCON_3042
rn00730 Thiamine metabolism,Thiamin diphosphate + H2O <=> Thiamin monophosphate + Orthophosphate,MCON_1365
rn00730 Thiamine metabolism,Thiamin diphosphate + ADP <=> Thiamin triphosphate + AMP,MCON_1964 | MCON_1615
rn00730 Thiamine metabolism; rn01240 Biosynthesis of cofactors,ATP + Thiamin monophosphate <=> ADP + Thiamin diphosphate,MCON_3190
rn00730 Thiamine metabolism; rn01240 Biosynthesis of cofactors,Thiamin monophosphate + H2O <=> Thiamine + Orthophosphate,MCON_2339
rn00730 Thiamine metabolism; rn01240 Biosynthesis of cofactors,4-Amino-5-hydroxymethyl-2-methylpyrimidine diphosphate + 4-Methyl-5-(2-phosphooxyethyl)thiazole <=> Diphosphate + Thiamin monophosphate,MCON_3369 | MCON_0806
rn00730 Thiamine metabolism; rn01240 Biosynthesis of cofactors,ATP + 4-Amino-5-hydroxymethyl-2-methylpyrimidine <=> ADP + 4-Amino-2-methyl-5-(phosphooxymethyl)pyrimidine,MCON_0806
rn00730 Thiamine metabolism; rn01240 Biosynthesis of cofactors,Aminoimidazole ribotide + S-Adenosyl-L-methionine <=> 4-Amino-2-methyl-5-(phosphooxymethyl)pyrimidine + 5'-Deoxyadenosine + L-Methionine + Formate + CO,MCON_1611
rn00730 Thiamine metabolism; rn01240 Biosynthesis of cofactors,ATP + 5-(2-Hydroxyethyl)-4-methylthiazole <=> ADP + 4-Methyl-5-(2-phosphooxyethyl)thiazole,MCON_3370
rn00730 Thiamine metabolism; rn01240 Biosynthesis of cofactors,ATP + 4-Amino-2-methyl-5-(phosphooxymethyl)pyrimidine <=> ADP + 4-Amino-5-hydroxymethyl-2-methylpyrimidine diphosphate,MCON_0806
rn00730 Thiamine metabolism; rn01240 Biosynthesis of cofactors,4-Amino-5-hydroxymethyl-2-methylpyrimidine diphosphate + 2-(2-Carboxy-4-methylthiazol-5-yl)ethyl phosphate <=> Thiamin monophosphate + Diphosphate + CO2,MCON_3369 | MCON_0806
rn00730 Thiamine metabolism; rn01240 Biosynthesis of cofactors,NAD+ + Glycine + Hydrogen sulfide <=> Nicotinamide + ADP-5-ethyl-4-methylthiazole-2-carboxylate + 3 H2O,MCON_3229
rn00740 Riboflavin metabolism,CTP + Riboflavin <=> CDP + FMN,MCON_0442
rn00740 Riboflavin metabolism,Dimethylallyl phosphate + Reduced FMN <=> Prenylated FMNH2 + Orthophosphate,MCON_3057
rn00740 Riboflavin metabolism; rn01110 Biosynthesis of secondary metabolites; rn01240 Biosynthesis of cofactors,"2 6,7-Dimethyl-8-(D-ribityl)lumazine <=> Riboflavin + 5-Amino-6-(1-D-ribitylamino)uracil",MCON_1631
rn00740 Riboflavin metabolism; rn01110 Biosynthesis of secondary metabolites; rn01240 Biosynthesis of cofactors,ATP + FMN <=> Diphosphate + FAD,MCON_1493
rn00740 Riboflavin metabolism; rn01110 Biosynthesis of secondary metabolites; rn01240 Biosynthesis of cofactors,"5-Amino-6-(1-D-ribitylamino)uracil + L-3,4-Dihydroxybutan-2-one 4-phosphate <=> 6,7-Dimethyl-8-(D-ribityl)lumazine + 2 H2O + Orthophosphate",MCON_2295
rn00740 Riboflavin metabolism; rn01110 Biosynthesis of secondary metabolites; rn01240 Biosynthesis of cofactors,"D-Ribulose 5-phosphate <=> L-3,4-Dihydroxybutan-2-one 4-phosphate + Formate",MCON_1155
rn00740 Riboflavin metabolism; rn01240 Biosynthesis of cofactors,"2,5-Diamino-6-(5-phospho-D-ribosylamino)pyrimidin-4(3H)-one + NADH + H+ <=> 2,5-Diamino-6-(5-phospho-D-ribitylamino)pyrimidin-4(3H)-one + NAD+",MCON_0173 | MCON_0968
rn00740 Riboflavin metabolism; rn01240 Biosynthesis of cofactors,"2,5-Diamino-6-(5-phospho-D-ribosylamino)pyrimidin-4(3H)-one + NADPH + H+ <=> 2,5-Diamino-6-(5-phospho-D-ribitylamino)pyrimidin-4(3H)-one + NADP+",MCON_0173 | MCON_0968
rn00760 Nicotinate and nicotinamide metabolism,ATP + Nicotinamide D-ribonucleotide <=> Diphosphate + NAD+,MCON_2395
rn00760 Nicotinate and nicotinamide metabolism,Nicotinamide D-ribonucleotide + H2O <=> Nicotinamide-beta-riboside + Orthophosphate,MCON_0299
rn00760 Nicotinate and nicotinamide metabolism,Nicotinate D-ribonucleotide + H2O <=> Nicotinate D-ribonucleoside + Orthophosphate,MCON_0299
rn00760 Nicotinate and nicotinamide metabolism; rn01240 Biosynthesis of cofactors,ATP + NAD+ <=> ADP + NADP+,MCON_2072
rn00760 Nicotinate and nicotinamide metabolism; rn01240 Biosynthesis of cofactors,ATP + Deamino-NAD+ + Ammonia <=> AMP + Diphosphate + NAD+,MCON_1866
rn00760 Nicotinate and nicotinamide metabolism; rn01240 Biosynthesis of cofactors,ATP + Deamino-NAD+ + L-Glutamine + H2O <=> AMP + Diphosphate + NAD+ + L-Glutamate,MCON_1866
rn00760 Nicotinate and nicotinamide metabolism; rn01240 Biosynthesis of cofactors,Nicotinamide + H2O <=> Nicotinate + Ammonia,MCON_1757
rn00760 Nicotinate and nicotinamide metabolism; rn01240 Biosynthesis of cofactors,ATP + Nicotinate D-ribonucleotide <=> Diphosphate + Deamino-NAD+,MCON_2395
rn00760 Nicotinate and nicotinamide metabolism; rn01240 Biosynthesis of cofactors,Nicotinate D-ribonucleotide + Diphosphate + CO2 <=> Quinolinate + 5-Phospho-alpha-D-ribose 1-diphosphate,MCON_1164
rn00760 Nicotinate and nicotinamide metabolism; rn01240 Biosynthesis of cofactors,Quinolinate + 2 H2O + Orthophosphate <=> Iminoaspartate + Glycerone phosphate,MCON_2769
rn00760 Nicotinate and nicotinamide metabolism; rn01240 Biosynthesis of cofactors,L-Aspartate + NADP+ <=> Iminoaspartate + NADPH + H+,MCON_1163
rn00760 Nicotinate and nicotinamide metabolism; rn01240 Biosynthesis of cofactors,L-Aspartate + NAD+ <=> Iminoaspartate + NADH + H+,MCON_1163
rn00770 Pantothenate and CoA biosynthesis,"(R)-2,3-Dihydroxy-3-methylbutanoate + NADP+ <=> (S)-2-Acetolactate + NADPH + H+",MCON_0412
rn00770 Pantothenate and CoA biosynthesis,GTP + Dephospho-CoA <=> GDP + CoA,MCON_3184
rn00770 Pantothenate and CoA biosynthesis; rn01240 Biosynthesis of cofactors,ATP + Pantetheine 4'-phosphate <=> Diphosphate + Dephospho-CoA,MCON_1494
rn00770 Pantothenate and CoA biosynthesis; rn01240 Biosynthesis of cofactors,(R)-4'-Phosphopantothenoyl-L-cysteine <=> Pantetheine 4'-phosphate + CO2,MCON_3480
rn00770 Pantothenate and CoA biosynthesis; rn01240 Biosynthesis of cofactors,CTP + D-4'-Phosphopantothenate + L-Cysteine <=> CMP + Diphosphate + (R)-4'-Phosphopantothenoyl-L-cysteine,MCON_3480
rn00770 Pantothenate and CoA biosynthesis; rn01240 Biosynthesis of cofactors,ATP + (R)-Pantoate <=> ADP + (R)-4-Phosphopantoate,MCON_3479
rn00790 Folate biosynthesis,"ATP + 6-(Hydroxymethyl)-7,8-dihydropterin <=> AMP + 6-Hydroxymethyl-7,8-dihydropterin diphosphate",MCON_1908
rn00790 Folate biosynthesis,"7,8-Dihydroneopterin 3'-triphosphate + H2O <=> 6-Carboxy-5,6,7,8-tetrahydropterin + Acetaldehyde + Triphosphate",MCON_1447
rn00790 Folate biosynthesis,7-Carboxy-7-carbaguanine + Ammonia + ATP <=> 7-Cyano-7-carbaguanine + ADP + Orthophosphate + H2O,MCON_0533
rn00790 Folate biosynthesis,"6-Carboxy-5,6,7,8-tetrahydropterin <=> 7-Carboxy-7-carbaguanine + Ammonia",MCON_0125
rn00790 Folate biosynthesis,"GTP + H2O <=> 7,8-Dihydroneopterin 2',3'-cyclic phosphate + Formate + Diphosphate",MCON_3313
rn00790 Folate biosynthesis,5-Phospho-alpha-D-ribose 1-diphosphate + 4-Hydroxybenzoate <=> 4-(beta-D-Ribofuranosyl)phenol 5'-phosphate + CO2 + Diphosphate,MCON_2372 | MCON_0135
rn00790 Folate biosynthesis,Molybdoenzyme molybdenum cofactor + GTP <=> Guanylyl molybdenum cofactor + Diphosphate,MCON_0226
rn00790 Folate biosynthesis; rn01240 Biosynthesis of cofactors,"6-(Hydroxymethyl)-7,8-dihydropterin + 4-Aminobenzoate <=> Dihydropteroate + H2O",MCON_3444
rn00790 Folate biosynthesis; rn01240 Biosynthesis of cofactors,"6-Hydroxymethyl-7,8-dihydropterin diphosphate + 4-Aminobenzoate <=> Diphosphate + Dihydropteroate",MCON_3444
rn00790 Folate biosynthesis; rn01240 Biosynthesis of cofactors,"7,8-Dihydroneopterin <=> Glycolaldehyde + 6-(Hydroxymethyl)-7,8-dihydropterin",MCON_0460
rn00790 Folate biosynthesis; rn01240 Biosynthesis of cofactors,"7,8-Dihydroneopterin 3'-triphosphate <=> 6-Pyruvoyltetrahydropterin + Triphosphate",MCON_1447
rn00790 Folate biosynthesis; rn01240 Biosynthesis of cofactors,"7,8-Dihydroneopterin 3'-triphosphate + 3 H2O <=> 7,8-Dihydroneopterin + 3 Orthophosphate",MCON_2339
rn00790 Folate biosynthesis; rn01240 Biosynthesis of cofactors,"ATP + 5,6,7,8-Tetrahydromethanopterin + L-Glutamate <=> ADP + Orthophosphate + Tetrahydrosarcinapterin",MCON_0555
rn00790 Folate biosynthesis; rn01240 Biosynthesis of cofactors,ATP + Molybdopterin <=> Diphosphate + Adenylated molybdopterin,MCON_2021
rn00790 Folate biosynthesis; rn01240 Biosynthesis of cofactors,Adenylated molybdopterin + Molybdate <=> Molybdoenzyme molybdenum cofactor + AMP + H2O,MCON_1509 | MCON_2884
rn00790 Folate biosynthesis; rn01240 Biosynthesis of cofactors,"6-Hydroxymethyl-7,8-dihydropterin diphosphate + 4-(beta-D-Ribofuranosyl)aniline 5'-phosphate <=> N-[(7,8-Dihydropterin-6-yl)methyl]-4-(beta-D-ribofuranosyl)aniline 5'-phosphate + Diphosphate",MCON_0701
rn00790 Folate biosynthesis; rn01240 Biosynthesis of cofactors,"(8S)-3',8-Cyclo-7,8-dihydroguanosine 5'-triphosphate + H2O <=> Precursor Z + Diphosphate",MCON_1531
rn00860 Porphyrin metabolism; rn01110 Biosynthesis of secondary metabolites; rn01240 Biosynthesis of cofactors,2 5-Aminolevulinate <=> Porphobilinogen + 2 H2O,MCON_1501
rn00860 Porphyrin metabolism; rn01110 Biosynthesis of secondary metabolites; rn01240 Biosynthesis of cofactors,4 Porphobilinogen + H2O <=> Hydroxymethylbilane + 4 Ammonia,MCON_0900
rn00860 Porphyrin metabolism; rn01110 Biosynthesis of secondary metabolites; rn01240 Biosynthesis of cofactors,5-Aminolevulinate <=> (S)-4-Amino-5-oxopentanoate,MCON_0899
rn00860 Porphyrin metabolism; rn01110 Biosynthesis of secondary metabolites; rn01240 Biosynthesis of cofactors,Hydroxymethylbilane <=> Uroporphyrinogen III + H2O,MCON_0901
rn00860 Porphyrin metabolism; rn01110 Biosynthesis of secondary metabolites; rn01240 Biosynthesis of cofactors,2 S-Adenosyl-L-methionine + Uroporphyrinogen III <=> 2 S-Adenosyl-L-homocysteine + Precorrin 2,MCON_0901
rn00860 Porphyrin metabolism; rn01110 Biosynthesis of secondary metabolites; rn01240 Biosynthesis of cofactors,Precorrin 2 + NAD+ <=> Sirohydrochlorin + NADH + H+,MCON_1503
rn00860 Porphyrin metabolism; rn01110 Biosynthesis of secondary metabolites; rn01240 Biosynthesis of cofactors,Sirohydrochlorin + Nickel(2+) <=> Nickel-sirohydrochlorin + 2 H+,MCON_1928
rn00860 Porphyrin metabolism; rn01110 Biosynthesis of secondary metabolites; rn01240 Biosynthesis of cofactors,"Nickel-sirohydrochlorin + 2 ATP + 2 L-Glutamine + 2 H2O <=> Nickel-sirohydrochlorin a,c-diamide + 2 ADP + 2 L-Glutamate + 2 Orthophosphate",MCON_0502
rn00860 Porphyrin metabolism; rn01110 Biosynthesis of secondary metabolites; rn01240 Biosynthesis of cofactors,"15,17(3)-Seco-F430-17(3)-acid + ATP <=> Coenzyme F430 + ADP + Orthophosphate",MCON_1929
rn00860 Porphyrin metabolism; rn01110 Biosynthesis of secondary metabolites; rn01240 Biosynthesis of cofactors,"Siroheme <=> 12,18-Didecarboxysiroheme + 2 CO2",MCON_1213 | MCON_1504
rn00860 Porphyrin metabolism; rn01110 Biosynthesis of secondary metabolites; rn01240 Biosynthesis of cofactors,Fe-coproporphyrin III + 2 S-Adenosyl-L-methionine <=> Heme + 2 CO2 + 2 5'-Deoxyadenosine + 2 L-Methionine,MCON_1212
rn00860 Porphyrin metabolism; rn01240 Biosynthesis of cofactors,S-Adenosyl-L-methionine + Precorrin 2 <=> S-Adenosyl-L-homocysteine + Precorrin 3A + H+,MCON_1684
rn00860 Porphyrin metabolism; rn01240 Biosynthesis of cofactors,Precorrin 8X <=> Hydrogenobyrinate,MCON_0651 | MCON_1680
rn00860 Porphyrin metabolism; rn01240 Biosynthesis of cofactors,S-Adenosyl-L-methionine + Precorrin 3B <=> S-Adenosyl-L-homocysteine + Precorrin 4,MCON_1681
rn00860 Porphyrin metabolism; rn01240 Biosynthesis of cofactors,S-Adenosyl-L-methionine + Precorrin 4 <=> S-Adenosyl-L-homocysteine + Precorrin 5,MCON_1683
rn00860 Porphyrin metabolism; rn01240 Biosynthesis of cofactors,Adenosyl cobinamide phosphate + GTP <=> Adenosine-GDP-cobinamide + Diphosphate,MCON_1722
rn00860 Porphyrin metabolism; rn01240 Biosynthesis of cofactors,Cobamide coenzyme + GMP <=> Adenosine-GDP-cobinamide + alpha-Ribazole,MCON_1723
rn00860 Porphyrin metabolism; rn01240 Biosynthesis of cofactors,"Hydrogenobyrinate + 2 L-Glutamine + 2 ATP + 2 H2O <=> Hydrogenobyrinate a,c diamide + 2 Orthophosphate + 2 L-Glutamate + 2 ADP",MCON_2971
rn00860 Porphyrin metabolism; rn01240 Biosynthesis of cofactors,"Adenosyl cobyrinate a,c diamide + 4 L-Glutamine + 4 ATP + 4 H2O <=> Adenosyl cobyrinate hexaamide + 4 L-Glutamate + 4 Orthophosphate + 4 ADP",MCON_2599
rn00860 Porphyrin metabolism; rn01240 Biosynthesis of cofactors,"Hydrogenobyrinate a,c diamide + Cobalt ion + ATP + H2O <=> Cob(II)yrinate a,c diamide + Orthophosphate + ADP + H+",MCON_0660 | MCON_0667 | MCON_2203
rn00860 Porphyrin metabolism; rn01240 Biosynthesis of cofactors,Sirohydrochlorin + Cobalt ion <=> Cobalt-sirohydrochlorin + 2 H+,MCON_0747 | MCON_2896 | MCON_1928
rn00860 Porphyrin metabolism; rn01240 Biosynthesis of cofactors,Cobalt-sirohydrochlorin + S-Adenosyl-L-methionine <=> Cobalt-factor III + S-Adenosyl-L-homocysteine,MCON_1684
rn00860 Porphyrin metabolism; rn01240 Biosynthesis of cofactors,Cobalt-precorrin 4 + S-Adenosyl-L-methionine <=> Cobalt-precorrin 5A + S-Adenosyl-L-homocysteine,MCON_1683
rn00860 Porphyrin metabolism; rn01240 Biosynthesis of cofactors,Cobalt-precorrin 8 <=> Cobyrinate,MCON_0651 | MCON_1680
rn00860 Porphyrin metabolism; rn01240 Biosynthesis of cofactors,"Cobyrinate + 2 L-Glutamine + 2 ATP + 2 H2O <=> Cob(II)yrinate a,c diamide + 2 L-Glutamate + 2 ADP + 2 Orthophosphate",MCON_2971
rn00860 Porphyrin metabolism; rn01240 Biosynthesis of cofactors,Adenosyl cobyrinate hexaamide + D-1-Aminopropan-2-ol O-phosphate + ATP <=> Adenosyl cobinamide phosphate + ADP + Orthophosphate,MCON_1335
rn00860 Porphyrin metabolism; rn01240 Biosynthesis of cofactors,ATP + Adenosyl cobyrinate hexaamide + (R)-1-Aminopropan-2-ol <=> ADP + Orthophosphate + Adenosyl cobinamide,MCON_1335
rn00860 Porphyrin metabolism; rn01240 Biosynthesis of cofactors,Cobalt-precorrin 5A + H2O <=> Cobalt-precorrin 5B + Acetaldehyde,MCON_1682
rn00860 Porphyrin metabolism; rn01240 Biosynthesis of cofactors,Cobalt-precorrin 5B + S-Adenosyl-L-methionine <=> Cobalt-precorrin 6 + S-Adenosyl-L-homocysteine,MCON_1679
rn00860 Porphyrin metabolism; rn01240 Biosynthesis of cofactors,Cobalt-dihydro-precorrin 6 + S-Adenosyl-L-methionine <=> Cobalt-precorrin 7 + S-Adenosyl-L-homocysteine + CO2,MCON_1685
rn00860 Porphyrin metabolism; rn01240 Biosynthesis of cofactors,Cobalt-precorrin 7 + S-Adenosyl-L-methionine <=> Cobalt-precorrin 8 + S-Adenosyl-L-homocysteine,MCON_1678
rn00900 Terpenoid backbone biosynthesis; rn01110 Biosynthesis of secondary metabolites,Isopentenyl diphosphate <=> Dimethylallyl diphosphate,MCON_2557
rn00900 Terpenoid backbone biosynthesis; rn01110 Biosynthesis of secondary metabolites,Dimethylallyl diphosphate + Isopentenyl diphosphate <=> Diphosphate + Geranyl diphosphate,MCON_2555
rn00900 Terpenoid backbone biosynthesis; rn01110 Biosynthesis of secondary metabolites,"Geranyl diphosphate + Isopentenyl diphosphate <=> Diphosphate + trans,trans-Farnesyl diphosphate",MCON_2555
rn00900 Terpenoid backbone biosynthesis; rn01110 Biosynthesis of secondary metabolites,"trans,trans-Farnesyl diphosphate + Isopentenyl diphosphate <=> Diphosphate + Geranylgeranyl diphosphate",MCON_2555
rn00900 Terpenoid backbone biosynthesis; rn01110 Biosynthesis of secondary metabolites,(R)-Mevalonate + CoA + 2 NAD+ <=> (S)-3-Hydroxy-3-methylglutaryl-CoA + 2 NADH + 2 H+,MCON_2640
rn00900 Terpenoid backbone biosynthesis; rn01110 Biosynthesis of secondary metabolites,ATP + (R)-Mevalonate <=> ADP + (R)-5-Phosphomevalonate,MCON_2559
rn00900 Terpenoid backbone biosynthesis; rn01110 Biosynthesis of secondary metabolites,"trans,trans-Farnesyl diphosphate + 5 Isopentenyl diphosphate <=> all-trans-Octaprenyl diphosphate + 5 Diphosphate",MCON_2794
rn00900 Terpenoid backbone biosynthesis; rn01110 Biosynthesis of secondary metabolites,ATP + Isopentenyl phosphate <=> ADP + Isopentenyl diphosphate,MCON_2558
rn00900 Terpenoid backbone biosynthesis; rn01110 Biosynthesis of secondary metabolites,(R)-5-Phosphomevalonate <=> trans-Anhydromevalonate 5-phosphate + H2O,MCON_2875 | MCON_2874
rn00900 Terpenoid backbone biosynthesis; rn01110 Biosynthesis of secondary metabolites,trans-Anhydromevalonate 5-phosphate <=> Isopentenyl phosphate + CO2,MCON_1237
rn00910 Nitrogen metabolism,Ammonia + NAD+ + H2O <=> Hydroxylamine + NADH + H+,MCON_2044
rn00910 Nitrogen metabolism,ATP + Carbamate <=> ADP + Carbamoyl phosphate,MCON_0086 | MCON_1025 | MCON_1026 | MCON_2233
rn00910 Nitrogen metabolism,HCO3- + H+ <=> CO2 + H2O,MCON_1210
rn00920 Sulfur metabolism,Thiosulfate + Cyanide ion <=> Sulfite + Thiocyanate,MCON_1529 | MCON_1376 | MCON_2997 | MCON_2998 | MCON_3198 | MCON_3199 | MCON_3231
rn00920 Sulfur metabolism,S-Adenosyl-L-methionine + Methanethiol <=> S-Adenosyl-L-homocysteine + Dimethyl sulfide,MCON_0211 | MCON_2076
rn00983 Drug metabolism - other enzymes,5-FU + 5-Phospho-alpha-D-ribose 1-diphosphate <=> 5-Fluorouridine monophosphate + Diphosphate,MCON_1953
rn00983 Drug metabolism - other enzymes,6-Mercaptopurine ribonucleoside triphosphate + H2O <=> 6-Thioinosine-5'-monophosphate + Diphosphate,MCON_0926
rn00983 Drug metabolism - other enzymes,6-Thioxanthine 5'-monophosphate + ATP + L-Glutamine + H2O <=> 6-Thioguanosine monophosphate + AMP + Diphosphate + L-Glutamate,MCON_0459 | MCON_1034
rn00983 Drug metabolism - other enzymes,ATP + 5-Fluorouridine diphosphate <=> ADP + 5-Fluorouridine triphosphate,MCON_1703
rn00983 Drug metabolism - other enzymes,ATP + 5-Fluorodeoxyuridine diphosphate <=> ADP + 5-Fluorodeoxyuridine triphosphate,MCON_1703
rn00983 Drug metabolism - other enzymes,5-Fluorodeoxyuridine triphosphate + H2O <=> 5-Fluorodeoxyuridine monophosphate + Diphosphate,MCON_0264
rn01040 Biosynthesis of unsaturated fatty acids,Stearoyl-CoA + H2O <=> CoA + Octadecanoic acid,MCON_1799
rn01040 Biosynthesis of unsaturated fatty acids,Eicosanoyl-CoA + H2O <=> CoA + Icosanoic acid,MCON_1799
rn01040 Biosynthesis of unsaturated fatty acids,Oleoyl-CoA + H2O <=> CoA + (9Z)-Octadecenoic acid,MCON_1799
rn01040 Biosynthesis of unsaturated fatty acids,Linoleoyl-CoA + H2O <=> CoA + Linoleate,MCON_1799
rn01040 Biosynthesis of unsaturated fatty acids,"(9Z,12Z,15Z)-Octadecatrienoyl-CoA + H2O <=> CoA + (9Z,12Z,15Z)-Octadecatrienoic acid",MCON_1799
rn01040 Biosynthesis of unsaturated fatty acids,"(5Z,8Z,11Z,14Z,17Z)-Icosapentaenoyl-CoA + H2O <=> CoA + (5Z,8Z,11Z,14Z,17Z)-Icosapentaenoic acid",MCON_1799
rn01040 Biosynthesis of unsaturated fatty acids,"(4Z,7Z,10Z,13Z,16Z,19Z)-Docosahexaenoyl-CoA + H2O <=> CoA + (4Z,7Z,10Z,13Z,16Z,19Z)-Docosahexaenoic acid",MCON_1799
rn01040 Biosynthesis of unsaturated fatty acids,"gamma-Linolenoyl-CoA + H2O <=> CoA + (6Z,9Z,12Z)-Octadecatrienoic acid",MCON_1799
rn01040 Biosynthesis of unsaturated fatty acids,"8,11,14-Eicosatrienoyl-CoA + H2O <=> CoA + Dihomo-gamma-linolenate",MCON_1799
rn01040 Biosynthesis of unsaturated fatty acids,Arachidonyl-CoA + H2O <=> CoA + Arachidonate,MCON_1799
rn01210 2-Oxocarboxylic acid metabolism,Oxaloglutarate <=> 2-Oxoadipate + CO2,MCON_1920
rn01210 2-Oxocarboxylic acid metabolism,Homoisocitrate + NAD+ <=> Oxaloglutarate + NADH + H+,MCON_1920
rn01210 2-Oxocarboxylic acid metabolism; rn01240 Biosynthesis of cofactors,(R)-(Homo)2-citrate <=> (-)-threo-Iso(homo)2-citrate,MCON_0444 | MCON_1922
rn01210 2-Oxocarboxylic acid metabolism; rn01240 Biosynthesis of cofactors,(R)-(Homo)3-citrate <=> (-)-threo-Iso(homo)3-citrate,MCON_0444 | MCON_1922